{"cameraMode":{"drawMode":0,"name":"Shaded","section":"Shading Mode"},"sceneLighting":false,"audioPlay":false,"sceneViewState":{"m_AlwaysRefresh":false,"showFog":true,"showSkybox":false,"showFlares":true,"showImageEffects":true,"showParticleSystems":true,"showVisualEffectGraphs":true,"m_FxEnabled":true},"in2DMode":false,"pivot":{"x":-5.070000171661377,"y":3.119999885559082,"z":15.020000457763672},"rotation":{"x":0.026565557345747949,"y":0.9694194793701172,"z":-0.21150703728199006,"w":0.12185050547122956},"size":9.587196350097657,"orthographic":false}