{"cameraMode":{"drawMode":0,"name":"Shaded","section":"Shading Mode"},"sceneLighting":false,"audioPlay":false,"sceneViewState":{"m_AlwaysRefresh":false,"showFog":true,"showSkybox":false,"showFlares":true,"showImageEffects":true,"showParticleSystems":true,"showVisualEffectGraphs":true,"m_FxEnabled":true},"in2DMode":false,"pivot":{"x":-20.018903732299806,"y":1.3669997453689576,"z":21.260404586791993},"rotation":{"x":-0.06112521514296532,"y":0.7514835596084595,"z":-0.07032307237386704,"w":-0.6531639099121094},"size":17.251815795898439,"orthographic":false}